<?xml version="1.0" encoding="UTF-8"?>
<!DOCTYPE plist PUBLIC "-//Apple//DTD PLIST 1.0//EN" "http://www.apple.com/DTDs/PropertyList-1.0.dtd">
<plist version="1.0">
<dict>
	<key>author</key>
	<string></string>
	<key>comments</key>
	<string></string>
	<key>isUsingConstrainedLayout</key>
	<true/>
	<key>keywords</key>
	<string></string>
	<key>mindMap</key>
	<dict>
		<key>associations</key>
		<array/>
		<key>color</key>
		<string>{0.956, 0.966, 0.956, 1.000}</string>
		<key>mainNodes</key>
		<array>
			<dict>
				<key>contentAlignment</key>
				<integer>1</integer>
				<key>fillColor</key>
				<string>{1.000, 1.000, 1.000, 1.000}</string>
				<key>isDecreasingBranchThickness</key>
				<true/>
				<key>isDrawingFill</key>
				<true/>
				<key>isLeftAligned</key>
				<false/>
				<key>location</key>
				<string>{0, 0}</string>
				<key>nodeID</key>
				<string>144670D0-702D-4B80-9B97-AB2F9361B462</string>
				<key>strokeColor</key>
				<string>{0.965, 0.965, 0.965, 1.000}</string>
				<key>strokeStyle</key>
				<integer>0</integer>
				<key>strokeWidth</key>
				<real>2</real>
				<key>subnodes</key>
				<array>
					<dict>
						<key>contentAlignment</key>
						<integer>1</integer>
						<key>fillColor</key>
						<string>{1.000, 1.000, 1.000, 1.000}</string>
						<key>isDecreasingBranchThickness</key>
						<true/>
						<key>isDrawingFill</key>
						<false/>
						<key>isLeftAligned</key>
						<false/>
						<key>location</key>
						<string>{188, -231.5}</string>
						<key>nodeID</key>
						<string>B925AF0C-5439-4871-BBAB-C022B79FC698</string>
						<key>strokeColor</key>
						<string>{0.689, 0.215, 0.952, 1.000}</string>
						<key>strokeStyle</key>
						<integer>0</integer>
						<key>strokeWidth</key>
						<real>6</real>
						<key>subnodes</key>
						<array/>
						<key>title</key>
						<dict>
							<key>constrainedWidth</key>
							<integer>300</integer>
							<key>htmlText</key>
							<string>&lt;p style='text-align: left; '&gt;&lt;span style='color: rgba(43, 43, 43, 1.000000); font: 14px "Times"; -cocoa-font-postscriptname: "Times-Roman"; '&gt;0&lt;/span&gt;&lt;span style='color: rgba(43, 43, 43, 1.000000); font: 14px "Songti SC"; -cocoa-font-postscriptname: "STSongti-SC-Regular"; '&gt;、&lt;/span&gt;&lt;span style='color: rgba(43, 43, 43, 1.000000); font: 14px "Times"; -cocoa-font-postscriptname: "Times-Roman"; '&gt;webpack&lt;/span&gt;&lt;span style='color: rgba(43, 43, 43, 1.000000); font: 14px "Songti SC"; -cocoa-font-postscriptname: "STSongti-SC-Regular"; '&gt;之简介、安装、输出日志、快捷编译&lt;/span&gt;&lt;span style='color: rgba(43, 43, 43, 1.000000); font: 14px "Times"; -cocoa-font-postscriptname: "Times-Roman"; '&gt;(package.json &lt;/span&gt;&lt;span style='color: rgba(43, 43, 43, 1.000000); font: 14px "Songti SC"; -cocoa-font-postscriptname: "STSongti-SC-Regular"; '&gt;里的&lt;/span&gt;&lt;span style='color: rgba(43, 43, 43, 1.000000); font: 14px "Times"; -cocoa-font-postscriptname: "Times-Roman"; '&gt;scripts==&amp;gt;npm run start)&lt;/span&gt;&lt;/p&gt;</string>
							<key>shrinkToFitContent</key>
							<integer>1</integer>
							<key>text</key>
							<string>{\rtf1\ansi\ansicpg936\cocoartf1504\cocoasubrtf830
{\fonttbl\f0\froman\fcharset0 Times-Roman;\f1\fnil\fcharset134 STSongti-SC-Regular;}
{\colortbl;\red255\green255\blue255;\red43\green43\blue43;}
{\*\expandedcolortbl;;\csgenericrgb\c16863\c16863\c16863;}
\pard\tx560\tx1120\tx1680\tx2240\tx2800\tx3360\tx3920\tx4480\tx5040\tx5600\tx6160\tx6720\pardirnatural

\f0\fs28 \cf2 0
\f1 \cf2 \'a1\'a2
\f0 \cf2 webpack
\f1 \cf2 \'d6\'ae\'bc\'f2\'bd\'e9\'a1\'a2\'b0\'b2\'d7\'b0\'a1\'a2\'ca\'e4\'b3\'f6\'c8\'d5\'d6\'be\'a1\'a2\'bf\'ec\'bd\'dd\'b1\'e0\'d2\'eb
\f0 \cf2 (package.json 
\f1 \cf2 \'c0\'ef\'b5\'c4
\f0 \cf2 scripts==&gt;npm run start)}</string>
						</dict>
					</dict>
					<dict>
						<key>contentAlignment</key>
						<integer>1</integer>
						<key>fillColor</key>
						<string>{1.000, 1.000, 1.000, 1.000}</string>
						<key>isDecreasingBranchThickness</key>
						<true/>
						<key>isDrawingFill</key>
						<false/>
						<key>isLeftAligned</key>
						<false/>
						<key>location</key>
						<string>{188, -157.5}</string>
						<key>nodeID</key>
						<string>37600312-3795-4044-AA54-35E02EC029BB</string>
						<key>strokeColor</key>
						<string>{0.144, 0.670, 1.000, 1.000}</string>
						<key>strokeStyle</key>
						<integer>0</integer>
						<key>strokeWidth</key>
						<real>6</real>
						<key>subnodes</key>
						<array>
							<dict>
								<key>contentAlignment</key>
								<integer>1</integer>
								<key>fillColor</key>
								<string>{1.000, 1.000, 1.000, 1.000}</string>
								<key>isDecreasingBranchThickness</key>
								<true/>
								<key>isDrawingFill</key>
								<false/>
								<key>isLeftAligned</key>
								<false/>
								<key>location</key>
								<string>{508, -175.5}</string>
								<key>nodeID</key>
								<string>26B40BC0-DEDD-46C7-836A-63AAB68B9A36</string>
								<key>strokeColor</key>
								<string>{0.144, 0.670, 1.000, 1.000}</string>
								<key>strokeStyle</key>
								<integer>0</integer>
								<key>strokeWidth</key>
								<real>5</real>
								<key>subnodes</key>
								<array/>
								<key>title</key>
								<dict>
									<key>constrainedWidth</key>
									<integer>389</integer>
									<key>htmlText</key>
									<string>&lt;p style='text-align: left; '&gt;&lt;span style='background-color: rgba(191, 225, 190, 1.000000); color: rgba(38, 38, 38, 1.000000); font: 14px "Menlo"; -cocoa-font-postscriptname: "Menlo-Regular"; '&gt; (1)&lt;/span&gt;&lt;span style='background-color: rgba(191, 225, 190, 1.000000); color: rgba(38, 38, 38, 1.000000); font: 14px "PingFang SC"; -cocoa-font-postscriptname: "PingFangSC-Regular"; '&gt;、&lt;/span&gt;&lt;span style='background-color: rgba(191, 225, 190, 1.000000); font: bold 14px "Menlo"; -cocoa-font-postscriptname: "Menlo-Bold"; '&gt;npm install webpack-dev-server —save -D&lt;/span&gt;&lt;/p&gt;</string>
									<key>shrinkToFitContent</key>
									<integer>0</integer>
									<key>text</key>
									<string>{\rtf1\ansi\ansicpg936\cocoartf1504\cocoasubrtf830
{\fonttbl\f0\fnil\fcharset0 Menlo-Regular;\f1\fnil\fcharset134 PingFangSC-Regular;\f2\fnil\fcharset0 Menlo-Bold;
}
{\colortbl;\red255\green255\blue255;\red38\green38\blue38;\red191\green225\blue190;}
{\*\expandedcolortbl;;\csgenericrgb\c14902\c14902\c14902;\csgenericrgb\c74902\c88235\c74510;}
\pard\tx560\tx1120\tx1680\tx2240\tx2800\tx3360\tx3920\tx4480\tx5040\tx5600\tx6160\tx6720\pardirnatural

\f0\fs28 \cf2 \cb3  (1)
\f1 \cf2 \cb3 \'a1\'a2
\f2\b \cf0 \cb3 npm install webpack-dev-server \'97save -D}</string>
								</dict>
							</dict>
							<dict>
								<key>contentAlignment</key>
								<integer>1</integer>
								<key>fillColor</key>
								<string>{1.000, 1.000, 1.000, 1.000}</string>
								<key>isDecreasingBranchThickness</key>
								<true/>
								<key>isDrawingFill</key>
								<false/>
								<key>isLeftAligned</key>
								<false/>
								<key>location</key>
								<string>{508, -139.5}</string>
								<key>nodeID</key>
								<string>2AB9BC69-66D9-4C44-942D-EC46CC26FB80</string>
								<key>strokeColor</key>
								<string>{0.144, 0.670, 1.000, 1.000}</string>
								<key>strokeStyle</key>
								<integer>0</integer>
								<key>strokeWidth</key>
								<real>5</real>
								<key>subnodes</key>
								<array/>
								<key>title</key>
								<dict>
									<key>constrainedWidth</key>
									<integer>469</integer>
									<key>htmlText</key>
									<string>&lt;p style='text-align: left; '&gt;&lt;span style='background-color: rgba(191, 225, 190, 1.000000); color: rgba(64, 59, 2, 1.000000); font: bold 14px "PingFang SC"; -cocoa-font-postscriptname: "PingFangSC-Semibold"; '&gt;（2）、&lt;/span&gt;&lt;span style='background-color: rgba(191, 225, 190, 1.000000); color: rgba(64, 59, 2, 1.000000); font: bold 14px "Menlo"; -cocoa-font-postscriptname: "Menlo-Bold"; '&gt;”start&amp;quot;&lt;/span&gt;&lt;span style='background-color: rgba(191, 225, 190, 1.000000); color: rgba(38, 38, 38, 1.000000); font: 14px "Menlo"; -cocoa-font-postscriptname: "Menlo-Regular"; '&gt;: &lt;/span&gt;&lt;span style='background-color: rgba(191, 225, 190, 1.000000); font: bold 14px "Menlo"; -cocoa-font-postscriptname: "Menlo-Bold"; '&gt;&amp;quot;webpack-dev-server --env development&amp;quot;&lt;/span&gt;&lt;/p&gt;</string>
									<key>shrinkToFitContent</key>
									<integer>0</integer>
									<key>text</key>
									<string>{\rtf1\ansi\ansicpg936\cocoartf1504\cocoasubrtf830
{\fonttbl\f0\fnil\fcharset134 PingFangSC-Semibold;\f1\fnil\fcharset0 Menlo-Bold;\f2\fnil\fcharset0 Menlo-Regular;
}
{\colortbl;\red255\green255\blue255;\red64\green59\blue2;\red191\green225\blue190;\red38\green38\blue38;
}
{\*\expandedcolortbl;;\csgenericrgb\c25098\c23137\c784;\csgenericrgb\c74902\c88235\c74510;\csgenericrgb\c14902\c14902\c14902;
}
\pard\tx560\tx1120\tx1680\tx2240\tx2800\tx3360\tx3920\tx4480\tx5040\tx5600\tx6160\tx6720\pardirnatural

\f0\b\fs28 \cf2 \cb3 \'a3\'a82\'a3\'a9\'a1\'a2
\f1 \cf2 \cb3 \'94start"
\f2\b0 \cf4 \cb3 : 
\f1\b \cf0 \cb3 "webpack-dev-server --env development"}</string>
								</dict>
							</dict>
						</array>
						<key>title</key>
						<dict>
							<key>constrainedWidth</key>
							<integer>300</integer>
							<key>htmlText</key>
							<string>&lt;p style='text-align: left; '&gt;&lt;span style='color: rgba(0, 0, 0, 1.000000); font: 14px "Times"; -cocoa-font-postscriptname: "Times-Roman"; '&gt;*1&lt;/span&gt;&lt;span style='color: rgba(0, 0, 0, 1.000000); font: 14px "Songti SC"; -cocoa-font-postscriptname: "STSongti-SC-Regular"; '&gt;、&lt;/span&gt;&lt;span style='color: rgba(0, 0, 0, 1.000000); font: 14px "Times"; -cocoa-font-postscriptname: "Times-Roman"; '&gt;webpack&lt;/span&gt;&lt;span style='color: rgba(0, 0, 0, 1.000000); font: 14px "Songti SC"; -cocoa-font-postscriptname: "STSongti-SC-Regular"; '&gt;之&lt;/span&gt;&lt;span style='color: rgba(0, 0, 0, 1.000000); font: 14px "Times"; -cocoa-font-postscriptname: "Times-Roman"; '&gt;webpack-dev-server&lt;/span&gt;&lt;span style='color: rgba(0, 0, 0, 1.000000); font: 14px "Songti SC"; -cocoa-font-postscriptname: "STSongti-SC-Regular"; '&gt;的使用&lt;/span&gt;&lt;/p&gt;</string>
							<key>shrinkToFitContent</key>
							<integer>1</integer>
							<key>text</key>
							<string>{\rtf1\ansi\ansicpg936\cocoartf1504\cocoasubrtf830
{\fonttbl\f0\froman\fcharset0 Times-Roman;\f1\fnil\fcharset134 STSongti-SC-Regular;}
{\colortbl;\red255\green255\blue255;\red0\green0\blue0;}
{\*\expandedcolortbl;;\csgenericrgb\c0\c0\c0;}
\pard\tx560\tx1120\tx1680\tx2240\tx2800\tx3360\tx3920\tx4480\tx5040\tx5600\tx6160\tx6720\pardirnatural

\f0\fs28 \cf2 *1
\f1 \'a1\'a2
\f0 webpack
\f1 \'d6\'ae
\f0 webpack-dev-server
\f1 \'b5\'c4\'ca\'b9\'d3\'c3}</string>
						</dict>
					</dict>
					<dict>
						<key>contentAlignment</key>
						<integer>1</integer>
						<key>fillColor</key>
						<string>{1.000, 1.000, 1.000, 1.000}</string>
						<key>isDecreasingBranchThickness</key>
						<true/>
						<key>isDrawingFill</key>
						<false/>
						<key>isLeftAligned</key>
						<false/>
						<key>location</key>
						<string>{188, -103.5}</string>
						<key>nodeID</key>
						<string>1BE79D61-DA6E-462F-9AD7-BC8FB4E601CA</string>
						<key>strokeColor</key>
						<string>{1.000, 0.742, 0.041, 1.000}</string>
						<key>strokeStyle</key>
						<integer>0</integer>
						<key>strokeWidth</key>
						<real>6</real>
						<key>subnodes</key>
						<array>
							<dict>
								<key>contentAlignment</key>
								<integer>1</integer>
								<key>fillColor</key>
								<string>{1.000, 1.000, 1.000, 1.000}</string>
								<key>isDecreasingBranchThickness</key>
								<true/>
								<key>isDrawingFill</key>
								<false/>
								<key>isLeftAligned</key>
								<false/>
								<key>location</key>
								<string>{425, -103.5}</string>
								<key>nodeID</key>
								<string>0DD5C7A5-E8BC-432E-AAFE-1D465C301661</string>
								<key>strokeColor</key>
								<string>{1.000, 0.742, 0.041, 1.000}</string>
								<key>strokeStyle</key>
								<integer>0</integer>
								<key>strokeWidth</key>
								<real>5</real>
								<key>subnodes</key>
								<array/>
								<key>title</key>
								<dict>
									<key>constrainedWidth</key>
									<integer>546</integer>
									<key>htmlText</key>
									<string>&lt;p style='color: rgba(0, 0, 0, 1.000000); font: 14px "Songti SC"; text-align: left; -cocoa-font-postscriptname: "STSongti-SC-Regular"; '&gt;&lt;a href='https://segmentfault.com/a/1190000008575829?utm_source=itdadao&amp;amp;utm_medium=referral'&gt;https://segmentfault.com/a/1190000008575829?utm_source=itdadao&amp;amp;utm_medium=referral&lt;/a&gt;&lt;/p&gt;</string>
									<key>shrinkToFitContent</key>
									<integer>0</integer>
									<key>text</key>
									<string>{\rtf1\ansi\ansicpg936\cocoartf1504\cocoasubrtf830
{\fonttbl\f0\fnil\fcharset134 STSongti-SC-Regular;}
{\colortbl;\red255\green255\blue255;\red0\green0\blue0;}
{\*\expandedcolortbl;;\csgenericrgb\c0\c0\c0;}
\pard\tx560\tx1120\tx1680\tx2240\tx2800\tx3360\tx3920\tx4480\tx5040\tx5600\tx6160\tx6720\pardirnatural
{\field{\*\fldinst{HYPERLINK "https://segmentfault.com/a/1190000008575829?utm_source=itdadao&amp;utm_medium=referral"}}{\fldrslt 
\f0\fs28 \cf2 https://segmentfault.com/a/1190000008575829?utm_source=itdadao&amp;utm_medium=referral}}}</string>
								</dict>
							</dict>
						</array>
						<key>title</key>
						<dict>
							<key>constrainedWidth</key>
							<integer>300</integer>
							<key>htmlText</key>
							<string>&lt;p style='text-align: left; '&gt;&lt;span style='color: rgba(0, 0, 0, 1.000000); font: 14px "Times"; -cocoa-font-postscriptname: "Times-Roman"; '&gt;*2&lt;/span&gt;&lt;span style='color: rgba(0, 0, 0, 1.000000); font: 14px "Songti SC"; -cocoa-font-postscriptname: "STSongti-SC-Regular"; '&gt;、&lt;/span&gt;&lt;span style='color: rgba(0, 0, 0, 1.000000); font: 14px "Times"; -cocoa-font-postscriptname: "Times-Roman"; '&gt;webpack&lt;/span&gt;&lt;span style='color: rgba(0, 0, 0, 1.000000); font: 14px "Songti SC"; -cocoa-font-postscriptname: "STSongti-SC-Regular"; '&gt;结合&lt;/span&gt;&lt;span style='color: rgba(0, 0, 0, 1.000000); font: 14px "Times"; -cocoa-font-postscriptname: "Times-Roman"; '&gt;eslint&lt;/span&gt;&lt;span style='color: rgba(0, 0, 0, 1.000000); font: 14px "Songti SC"; -cocoa-font-postscriptname: "STSongti-SC-Regular"; '&gt;使用&lt;/span&gt;&lt;/p&gt;</string>
							<key>shrinkToFitContent</key>
							<integer>1</integer>
							<key>text</key>
							<string>{\rtf1\ansi\ansicpg936\cocoartf1504\cocoasubrtf830
{\fonttbl\f0\froman\fcharset0 Times-Roman;\f1\fnil\fcharset134 STSongti-SC-Regular;}
{\colortbl;\red255\green255\blue255;\red0\green0\blue0;}
{\*\expandedcolortbl;;\csgenericrgb\c0\c0\c0;}
\pard\tx560\tx1120\tx1680\tx2240\tx2800\tx3360\tx3920\tx4480\tx5040\tx5600\tx6160\tx6720\pardirnatural

\f0\fs28 \cf2 *2
\f1 \'a1\'a2
\f0 webpack
\f1 \'bd\'e1\'ba\'cf
\f0 eslint
\f1 \'ca\'b9\'d3\'c3}</string>
						</dict>
					</dict>
					<dict>
						<key>contentAlignment</key>
						<integer>1</integer>
						<key>fillColor</key>
						<string>{1.000, 1.000, 1.000, 1.000}</string>
						<key>isDecreasingBranchThickness</key>
						<true/>
						<key>isDrawingFill</key>
						<false/>
						<key>isLeftAligned</key>
						<false/>
						<key>location</key>
						<string>{188, -67.5}</string>
						<key>nodeID</key>
						<string>57AAB2D0-B84B-4F14-AB9E-6E9724BCB426</string>
						<key>strokeColor</key>
						<string>{0.136, 0.807, 0.880, 1.000}</string>
						<key>strokeStyle</key>
						<integer>0</integer>
						<key>strokeWidth</key>
						<real>6</real>
						<key>subnodes</key>
						<array>
							<dict>
								<key>contentAlignment</key>
								<integer>1</integer>
								<key>fillColor</key>
								<string>{1.000, 1.000, 1.000, 1.000}</string>
								<key>isDecreasingBranchThickness</key>
								<true/>
								<key>isDrawingFill</key>
								<false/>
								<key>isLeftAligned</key>
								<false/>
								<key>location</key>
								<string>{411, -67.5}</string>
								<key>nodeID</key>
								<string>0F15302F-08CD-423D-90AF-728AAA380C8C</string>
								<key>strokeColor</key>
								<string>{0.136, 0.807, 0.880, 1.000}</string>
								<key>strokeStyle</key>
								<integer>0</integer>
								<key>strokeWidth</key>
								<real>5</real>
								<key>subnodes</key>
								<array/>
								<key>title</key>
								<dict>
									<key>constrainedWidth</key>
									<integer>177</integer>
									<key>htmlText</key>
									<string>&lt;p style='background-color: rgba(78, 144, 222, 1.000000); color: rgba(255, 255, 255, 1.000000); font: 14px "Menlo"; text-align: left; -cocoa-font-postscriptname: "Menlo-Regular"; '&gt;ExtractTextPlugin&lt;/p&gt;</string>
									<key>shrinkToFitContent</key>
									<integer>0</integer>
									<key>text</key>
									<string>{\rtf1\ansi\ansicpg936\cocoartf1504\cocoasubrtf830
{\fonttbl\f0\fnil\fcharset0 Menlo-Regular;}
{\colortbl;\red255\green255\blue255;\red255\green255\blue255;\red78\green144\blue222;}
{\*\expandedcolortbl;;\csgenericrgb\c100000\c100000\c100000;\csgenericrgb\c30588\c56471\c87059;}
\pard\tx560\tx1120\tx1680\tx2240\tx2800\tx3360\tx3920\tx4480\tx5040\tx5600\tx6160\tx6720\pardirnatural

\f0\fs28 \cf2 \cb3 ExtractTextPlugin}</string>
								</dict>
							</dict>
						</array>
						<key>title</key>
						<dict>
							<key>constrainedWidth</key>
							<integer>300</integer>
							<key>htmlText</key>
							<string>&lt;p style='text-align: left; '&gt;&lt;span style='color: rgba(0, 0, 0, 1.000000); font: 14px "Times"; -cocoa-font-postscriptname: "Times-Roman"; '&gt;*3&lt;/span&gt;&lt;span style='color: rgba(0, 0, 0, 1.000000); font: 14px "Songti SC"; -cocoa-font-postscriptname: "STSongti-SC-Regular"; '&gt;、&lt;/span&gt;&lt;span style='color: rgba(0, 0, 0, 1.000000); font: 14px "Times"; -cocoa-font-postscriptname: "Times-Roman"; '&gt;webpack&lt;/span&gt;&lt;span style='color: rgba(0, 0, 0, 1.000000); font: 14px "Songti SC"; -cocoa-font-postscriptname: "STSongti-SC-Regular"; '&gt;单独打包&lt;/span&gt;&lt;span style='color: rgba(0, 0, 0, 1.000000); font: 14px "Times"; -cocoa-font-postscriptname: "Times-Roman"; '&gt;css&lt;/span&gt;&lt;/p&gt;</string>
							<key>shrinkToFitContent</key>
							<integer>1</integer>
							<key>text</key>
							<string>{\rtf1\ansi\ansicpg936\cocoartf1504\cocoasubrtf830
{\fonttbl\f0\froman\fcharset0 Times-Roman;\f1\fnil\fcharset134 STSongti-SC-Regular;}
{\colortbl;\red255\green255\blue255;\red0\green0\blue0;}
{\*\expandedcolortbl;;\csgenericrgb\c0\c0\c0;}
\pard\tx560\tx1120\tx1680\tx2240\tx2800\tx3360\tx3920\tx4480\tx5040\tx5600\tx6160\tx6720\pardirnatural

\f0\fs28 \cf2 *3
\f1 \'a1\'a2
\f0 webpack
\f1 \'b5\'a5\'b6\'c0\'b4\'f2\'b0\'fc
\f0 css}</string>
						</dict>
					</dict>
					<dict>
						<key>contentAlignment</key>
						<integer>1</integer>
						<key>fillColor</key>
						<string>{1.000, 1.000, 1.000, 1.000}</string>
						<key>isDecreasingBranchThickness</key>
						<true/>
						<key>isDrawingFill</key>
						<false/>
						<key>isLeftAligned</key>
						<false/>
						<key>location</key>
						<string>{188, -31.5}</string>
						<key>nodeID</key>
						<string>2C7588EE-CE35-4ED2-9C75-0A47676E64EE</string>
						<key>strokeColor</key>
						<string>{0.822, 0.084, 0.348, 1.000}</string>
						<key>strokeStyle</key>
						<integer>0</integer>
						<key>strokeWidth</key>
						<real>6</real>
						<key>subnodes</key>
						<array>
							<dict>
								<key>contentAlignment</key>
								<integer>1</integer>
								<key>fillColor</key>
								<string>{1.000, 1.000, 1.000, 1.000}</string>
								<key>isDecreasingBranchThickness</key>
								<true/>
								<key>isDrawingFill</key>
								<false/>
								<key>isLeftAligned</key>
								<false/>
								<key>location</key>
								<string>{460, -31.5}</string>
								<key>nodeID</key>
								<string>E5AF875E-F6D4-4EAC-A712-605BAD1095F1</string>
								<key>strokeColor</key>
								<string>{0.822, 0.084, 0.348, 1.000}</string>
								<key>strokeStyle</key>
								<integer>0</integer>
								<key>strokeWidth</key>
								<real>5</real>
								<key>subnodes</key>
								<array/>
								<key>title</key>
								<dict>
									<key>constrainedWidth</key>
									<integer>382</integer>
									<key>htmlText</key>
									<string>&lt;p style='color: rgba(251, 0, 77, 1.000000); font: bold 14px "Songti SC"; text-align: left; -cocoa-font-postscriptname: "STSongti-SC-Bold"; '&gt;&lt;a href='https://doc.webpack-china.org/configuration/performance/'&gt;https://doc.webpack-china.org/configuration/performance/&lt;/a&gt;&lt;/p&gt;</string>
									<key>shrinkToFitContent</key>
									<integer>0</integer>
									<key>text</key>
									<string>{\rtf1\ansi\ansicpg936\cocoartf1504\cocoasubrtf830
{\fonttbl\f0\fnil\fcharset134 STSongti-SC-Bold;}
{\colortbl;\red255\green255\blue255;\red251\green0\blue77;}
{\*\expandedcolortbl;;\csgenericrgb\c98431\c0\c30196;}
\pard\tx560\tx1120\tx1680\tx2240\tx2800\tx3360\tx3920\tx4480\tx5040\tx5600\tx6160\tx6720\pardirnatural
{\field{\*\fldinst{HYPERLINK "https://doc.webpack-china.org/configuration/performance/"}}{\fldrslt 
\f0\b\fs28 \cf2 https://doc.webpack-china.org/configuration/performance/}}}</string>
								</dict>
							</dict>
						</array>
						<key>title</key>
						<dict>
							<key>constrainedWidth</key>
							<integer>300</integer>
							<key>htmlText</key>
							<string>&lt;p style='text-align: left; '&gt;&lt;span style='color: rgba(0, 0, 0, 1.000000); font: 14px "Times"; -cocoa-font-postscriptname: "Times-Roman"; '&gt;*4&lt;/span&gt;&lt;span style='color: rgba(0, 0, 0, 1.000000); font: 14px "Songti SC"; -cocoa-font-postscriptname: "STSongti-SC-Regular"; '&gt;、&lt;/span&gt;&lt;span style='color: rgba(0, 0, 0, 1.000000); font: 14px "Times"; -cocoa-font-postscriptname: "Times-Roman"; '&gt;webpack&lt;/span&gt;&lt;span style='color: rgba(0, 0, 0, 1.000000); font: 14px "Songti SC"; -cocoa-font-postscriptname: "STSongti-SC-Regular"; '&gt;之&lt;/span&gt;&lt;span style='color: rgba(0, 0, 0, 1.000000); font: 14px "Times"; -cocoa-font-postscriptname: "Times-Roman"; '&gt;performance(&lt;/span&gt;&lt;span style='color: rgba(0, 0, 0, 1.000000); font: 14px "Songti SC"; -cocoa-font-postscriptname: "STSongti-SC-Regular"; '&gt;性能&lt;/span&gt;&lt;span style='color: rgba(0, 0, 0, 1.000000); font: 14px "Times"; -cocoa-font-postscriptname: "Times-Roman"; '&gt;)&lt;/span&gt;&lt;/p&gt;</string>
							<key>shrinkToFitContent</key>
							<integer>1</integer>
							<key>text</key>
							<string>{\rtf1\ansi\ansicpg936\cocoartf1504\cocoasubrtf830
{\fonttbl\f0\froman\fcharset0 Times-Roman;\f1\fnil\fcharset134 STSongti-SC-Regular;}
{\colortbl;\red255\green255\blue255;\red0\green0\blue0;}
{\*\expandedcolortbl;;\csgenericrgb\c0\c0\c0;}
\pard\tx560\tx1120\tx1680\tx2240\tx2800\tx3360\tx3920\tx4480\tx5040\tx5600\tx6160\tx6720\pardirnatural

\f0\fs28 \cf2 *4
\f1 \'a1\'a2
\f0 webpack
\f1 \'d6\'ae
\f0 performance(
\f1 \'d0\'d4\'c4\'dc
\f0 )}</string>
						</dict>
					</dict>
					<dict>
						<key>contentAlignment</key>
						<integer>1</integer>
						<key>fillColor</key>
						<string>{1.000, 1.000, 1.000, 1.000}</string>
						<key>isDecreasingBranchThickness</key>
						<true/>
						<key>isDrawingFill</key>
						<false/>
						<key>isLeftAligned</key>
						<false/>
						<key>location</key>
						<string>{188, 4.5}</string>
						<key>nodeID</key>
						<string>6AC74F1C-B8A4-4DA0-B695-691410DDD09E</string>
						<key>strokeColor</key>
						<string>{0.194, 0.734, 0.282, 1.000}</string>
						<key>strokeStyle</key>
						<integer>0</integer>
						<key>strokeWidth</key>
						<real>6</real>
						<key>subnodes</key>
						<array>
							<dict>
								<key>contentAlignment</key>
								<integer>1</integer>
								<key>fillColor</key>
								<string>{1.000, 1.000, 1.000, 1.000}</string>
								<key>isDecreasingBranchThickness</key>
								<true/>
								<key>isDrawingFill</key>
								<false/>
								<key>isLeftAligned</key>
								<false/>
								<key>location</key>
								<string>{479, 4.5}</string>
								<key>nodeID</key>
								<string>71016AFE-3429-4374-B8B0-F26BD5E72F60</string>
								<key>strokeColor</key>
								<string>{0.194, 0.734, 0.282, 1.000}</string>
								<key>strokeStyle</key>
								<integer>0</integer>
								<key>strokeWidth</key>
								<real>5</real>
								<key>subnodes</key>
								<array/>
								<key>title</key>
								<dict>
									<key>constrainedWidth</key>
									<integer>300</integer>
									<key>htmlText</key>
									<string>&lt;p style='color: rgba(0, 0, 0, 1.000000); font: 14px "Songti SC"; text-align: left; -cocoa-font-postscriptname: "STSongti-SC-Regular"; '&gt;还有其他方式，比如webpack -p&lt;/p&gt;</string>
									<key>shrinkToFitContent</key>
									<integer>1</integer>
									<key>text</key>
									<string>{\rtf1\ansi\ansicpg936\cocoartf1504\cocoasubrtf830
{\fonttbl\f0\fnil\fcharset134 STSongti-SC-Regular;}
{\colortbl;\red255\green255\blue255;\red0\green0\blue0;}
{\*\expandedcolortbl;;\csgenericrgb\c0\c0\c0;}
\pard\tx560\tx1120\tx1680\tx2240\tx2800\tx3360\tx3920\tx4480\tx5040\tx5600\tx6160\tx6720\pardirnatural

\f0\fs28 \cf2 \'bb\'b9\'d3\'d0\'c6\'e4\'cb\'fb\'b7\'bd\'ca\'bd\'a3\'ac\'b1\'c8\'c8\'e7webpack -p}</string>
								</dict>
							</dict>
						</array>
						<key>title</key>
						<dict>
							<key>constrainedWidth</key>
							<integer>300</integer>
							<key>htmlText</key>
							<string>&lt;p style='text-align: left; '&gt;&lt;span style='color: rgba(0, 0, 0, 1.000000); font: 14px "Times"; -cocoa-font-postscriptname: "Times-Roman"; '&gt;*5&lt;/span&gt;&lt;span style='color: rgba(0, 0, 0, 1.000000); font: 14px "Songti SC"; -cocoa-font-postscriptname: "STSongti-SC-Regular"; '&gt;、&lt;/span&gt;&lt;span style='color: rgba(0, 0, 0, 1.000000); font: 14px "Times"; -cocoa-font-postscriptname: "Times-Roman"; '&gt;webpack&lt;/span&gt;&lt;span style='color: rgba(0, 0, 0, 1.000000); font: 14px "Songti SC"; -cocoa-font-postscriptname: "STSongti-SC-Regular"; '&gt;之打包压缩&lt;/span&gt;&lt;span style='color: rgba(0, 0, 0, 1.000000); font: 14px "Times"; -cocoa-font-postscriptname: "Times-Roman"; '&gt;BabiliPlugin&lt;/span&gt;&lt;/p&gt;</string>
							<key>shrinkToFitContent</key>
							<integer>1</integer>
							<key>text</key>
							<string>{\rtf1\ansi\ansicpg936\cocoartf1504\cocoasubrtf830
{\fonttbl\f0\froman\fcharset0 Times-Roman;\f1\fnil\fcharset134 STSongti-SC-Regular;}
{\colortbl;\red255\green255\blue255;\red0\green0\blue0;}
{\*\expandedcolortbl;;\csgenericrgb\c0\c0\c0;}
\pard\tx560\tx1120\tx1680\tx2240\tx2800\tx3360\tx3920\tx4480\tx5040\tx5600\tx6160\tx6720\pardirnatural

\f0\fs28 \cf2 *5
\f1 \'a1\'a2
\f0 webpack
\f1 \'d6\'ae\'b4\'f2\'b0\'fc\'d1\'b9\'cb\'f5
\f0 BabiliPlugin}</string>
						</dict>
					</dict>
					<dict>
						<key>contentAlignment</key>
						<integer>1</integer>
						<key>fillColor</key>
						<string>{1.000, 1.000, 1.000, 1.000}</string>
						<key>isDecreasingBranchThickness</key>
						<true/>
						<key>isDrawingFill</key>
						<false/>
						<key>isLeftAligned</key>
						<false/>
						<key>location</key>
						<string>{188, 40.5}</string>
						<key>nodeID</key>
						<string>1C702170-750C-4A61-938B-02AA8FA86DD2</string>
						<key>strokeColor</key>
						<string>{0.689, 0.215, 0.952, 1.000}</string>
						<key>strokeStyle</key>
						<integer>0</integer>
						<key>strokeWidth</key>
						<real>6</real>
						<key>subnodes</key>
						<array>
							<dict>
								<key>contentAlignment</key>
								<integer>1</integer>
								<key>fillColor</key>
								<string>{1.000, 1.000, 1.000, 1.000}</string>
								<key>isDecreasingBranchThickness</key>
								<true/>
								<key>isDrawingFill</key>
								<false/>
								<key>isLeftAligned</key>
								<false/>
								<key>location</key>
								<string>{420, 40.5}</string>
								<key>nodeID</key>
								<string>00FF7CE8-CB08-4DE5-A578-5D3ECBB41027</string>
								<key>strokeColor</key>
								<string>{0.689, 0.215, 0.952, 1.000}</string>
								<key>strokeStyle</key>
								<integer>0</integer>
								<key>strokeWidth</key>
								<real>5</real>
								<key>subnodes</key>
								<array/>
								<key>title</key>
								<dict>
									<key>constrainedWidth</key>
									<integer>356</integer>
									<key>htmlText</key>
									<string>&lt;p style='color: rgba(0, 0, 0, 1.000000); font: 14px "Songti SC"; text-align: left; -cocoa-font-postscriptname: "STSongti-SC-Regular"; '&gt;&lt;a href='https://doc.webpack-china.org/configuration/devtool/'&gt;https://doc.webpack-china.org/configuration/devtool/&lt;/a&gt;&lt;/p&gt;</string>
									<key>shrinkToFitContent</key>
									<integer>0</integer>
									<key>text</key>
									<string>{\rtf1\ansi\ansicpg936\cocoartf1504\cocoasubrtf830
{\fonttbl\f0\fnil\fcharset134 STSongti-SC-Regular;}
{\colortbl;\red255\green255\blue255;\red0\green0\blue0;}
{\*\expandedcolortbl;;\csgenericrgb\c0\c0\c0;}
\pard\tx560\tx1120\tx1680\tx2240\tx2800\tx3360\tx3920\tx4480\tx5040\tx5600\tx6160\tx6720\pardirnatural
{\field{\*\fldinst{HYPERLINK "https://doc.webpack-china.org/configuration/devtool/"}}{\fldrslt 
\f0\fs28 \cf2 https://doc.webpack-china.org/configuration/devtool/}}}</string>
								</dict>
							</dict>
						</array>
						<key>title</key>
						<dict>
							<key>constrainedWidth</key>
							<integer>300</integer>
							<key>htmlText</key>
							<string>&lt;p style='text-align: left; '&gt;&lt;span style='color: rgba(0, 0, 0, 1.000000); font: 14px "Times"; -cocoa-font-postscriptname: "Times-Roman"; '&gt;*6&lt;/span&gt;&lt;span style='color: rgba(0, 0, 0, 1.000000); font: 14px "Songti SC"; -cocoa-font-postscriptname: "STSongti-SC-Regular"; '&gt;、&lt;/span&gt;&lt;span style='color: rgba(0, 0, 0, 1.000000); font: 14px "Times"; -cocoa-font-postscriptname: "Times-Roman"; '&gt;webpack&lt;/span&gt;&lt;span style='color: rgba(0, 0, 0, 1.000000); font: 14px "Songti SC"; -cocoa-font-postscriptname: "STSongti-SC-Regular"; '&gt;之&lt;/span&gt;&lt;span style='color: rgba(0, 0, 0, 1.000000); font: 14px "Times"; -cocoa-font-postscriptname: "Times-Roman"; '&gt;sourceMaps&lt;/span&gt;&lt;/p&gt;</string>
							<key>shrinkToFitContent</key>
							<integer>1</integer>
							<key>text</key>
							<string>{\rtf1\ansi\ansicpg936\cocoartf1504\cocoasubrtf830
{\fonttbl\f0\froman\fcharset0 Times-Roman;\f1\fnil\fcharset134 STSongti-SC-Regular;}
{\colortbl;\red255\green255\blue255;\red0\green0\blue0;}
{\*\expandedcolortbl;;\csgenericrgb\c0\c0\c0;}
\pard\tx560\tx1120\tx1680\tx2240\tx2800\tx3360\tx3920\tx4480\tx5040\tx5600\tx6160\tx6720\pardirnatural

\f0\fs28 \cf2 *6
\f1 \'a1\'a2
\f0 webpack
\f1 \'d6\'ae
\f0 sourceMaps}</string>
						</dict>
					</dict>
					<dict>
						<key>contentAlignment</key>
						<integer>1</integer>
						<key>fillColor</key>
						<string>{1.000, 1.000, 1.000, 1.000}</string>
						<key>isDecreasingBranchThickness</key>
						<true/>
						<key>isDrawingFill</key>
						<false/>
						<key>isLeftAligned</key>
						<false/>
						<key>location</key>
						<string>{188, 76.5}</string>
						<key>nodeID</key>
						<string>3B3F4DDF-A549-4B85-A90B-869696274641</string>
						<key>strokeColor</key>
						<string>{0.144, 0.670, 1.000, 1.000}</string>
						<key>strokeStyle</key>
						<integer>0</integer>
						<key>strokeWidth</key>
						<real>6</real>
						<key>subnodes</key>
						<array>
							<dict>
								<key>contentAlignment</key>
								<integer>1</integer>
								<key>fillColor</key>
								<string>{1.000, 1.000, 1.000, 1.000}</string>
								<key>isDecreasingBranchThickness</key>
								<true/>
								<key>isDrawingFill</key>
								<false/>
								<key>isLeftAligned</key>
								<false/>
								<key>location</key>
								<string>{478, 76.5}</string>
								<key>nodeID</key>
								<string>671AD012-AF49-473C-B3D9-B6AB20357AAE</string>
								<key>strokeColor</key>
								<string>{0.144, 0.670, 1.000, 1.000}</string>
								<key>strokeStyle</key>
								<integer>0</integer>
								<key>strokeWidth</key>
								<real>5</real>
								<key>subnodes</key>
								<array/>
								<key>title</key>
								<dict>
									<key>constrainedWidth</key>
									<integer>300</integer>
									<key>htmlText</key>
									<string>&lt;p style='background-color: rgba(191, 226, 190, 1.000000); font: 14px "Menlo"; -cocoa-font-postscriptname: "Menlo-Regular"; '&gt;DllReferencePlugin&lt;/p&gt;</string>
									<key>shrinkToFitContent</key>
									<integer>1</integer>
									<key>text</key>
									<string>{\rtf1\ansi\ansicpg936\cocoartf1504\cocoasubrtf830
{\fonttbl\f0\fnil\fcharset0 Menlo-Regular;}
{\colortbl;\red255\green255\blue255;\red191\green226\blue190;}
{\*\expandedcolortbl;;\csgenericrgb\c74902\c88627\c74510;}
\pard\tx560\tx1120\tx1680\tx2240\tx2800\tx3360\tx3920\tx4480\tx5040\tx5600\tx6160\tx6720\pardirnatural

\f0\fs28 \cf0 \cb2 DllReferencePlugin}</string>
								</dict>
							</dict>
						</array>
						<key>title</key>
						<dict>
							<key>constrainedWidth</key>
							<integer>300</integer>
							<key>htmlText</key>
							<string>&lt;p style='text-align: left; '&gt;&lt;span style='color: rgba(0, 0, 0, 1.000000); font: 14px "Times"; -cocoa-font-postscriptname: "Times-Roman"; '&gt;*7&lt;/span&gt;&lt;span style='color: rgba(0, 0, 0, 1.000000); font: 14px "Songti SC"; -cocoa-font-postscriptname: "STSongti-SC-Regular"; '&gt;、&lt;/span&gt;&lt;span style='color: rgba(0, 0, 0, 1.000000); font: 14px "Times"; -cocoa-font-postscriptname: "Times-Roman"; '&gt;webpack&lt;/span&gt;&lt;span style='color: rgba(0, 0, 0, 1.000000); font: 14px "Songti SC"; -cocoa-font-postscriptname: "STSongti-SC-Regular"; '&gt;之代码分离第三方代码&lt;/span&gt;&lt;/p&gt;</string>
							<key>shrinkToFitContent</key>
							<integer>1</integer>
							<key>text</key>
							<string>{\rtf1\ansi\ansicpg936\cocoartf1504\cocoasubrtf830
{\fonttbl\f0\froman\fcharset0 Times-Roman;\f1\fnil\fcharset134 STSongti-SC-Regular;}
{\colortbl;\red255\green255\blue255;\red0\green0\blue0;}
{\*\expandedcolortbl;;\csgenericrgb\c0\c0\c0;}
\pard\tx560\tx1120\tx1680\tx2240\tx2800\tx3360\tx3920\tx4480\tx5040\tx5600\tx6160\tx6720\pardirnatural

\f0\fs28 \cf2 *7
\f1 \'a1\'a2
\f0 webpack
\f1 \'d6\'ae\'b4\'fa\'c2\'eb\'b7\'d6\'c0\'eb\'b5\'da\'c8\'fd\'b7\'bd\'b4\'fa\'c2\'eb}</string>
						</dict>
					</dict>
					<dict>
						<key>contentAlignment</key>
						<integer>1</integer>
						<key>fillColor</key>
						<string>{1.000, 1.000, 1.000, 1.000}</string>
						<key>isDecreasingBranchThickness</key>
						<true/>
						<key>isDrawingFill</key>
						<false/>
						<key>isLeftAligned</key>
						<false/>
						<key>location</key>
						<string>{188, 128.5}</string>
						<key>nodeID</key>
						<string>91923F5F-203A-44D4-8810-B48D12CE3843</string>
						<key>strokeColor</key>
						<string>{0.822, 0.084, 0.348, 1.000}</string>
						<key>strokeStyle</key>
						<integer>0</integer>
						<key>strokeWidth</key>
						<real>6</real>
						<key>subnodes</key>
						<array>
							<dict>
								<key>contentAlignment</key>
								<integer>1</integer>
								<key>fillColor</key>
								<string>{1.000, 1.000, 1.000, 1.000}</string>
								<key>isDecreasingBranchThickness</key>
								<true/>
								<key>isDrawingFill</key>
								<false/>
								<key>isLeftAligned</key>
								<false/>
								<key>location</key>
								<string>{585, 112.5}</string>
								<key>nodeID</key>
								<string>138E3AC3-58C4-4C7C-A654-336D5C06927B</string>
								<key>strokeColor</key>
								<string>{0.822, 0.084, 0.348, 1.000}</string>
								<key>strokeStyle</key>
								<integer>0</integer>
								<key>strokeWidth</key>
								<real>5</real>
								<key>subnodes</key>
								<array/>
								<key>title</key>
								<dict>
									<key>constrainedWidth</key>
									<integer>424</integer>
									<key>htmlText</key>
									<string>&lt;p&gt;&lt;span style='background-color: rgba(191, 226, 190, 1.000000); color: rgba(65, 60, 3, 1.000000); font: bold 14px "Menlo"; -cocoa-font-postscriptname: "Menlo-Bold"; '&gt;&amp;quot;stats&amp;quot;&lt;/span&gt;&lt;span style='background-color: rgba(191, 226, 190, 1.000000); color: rgba(38, 38, 38, 1.000000); font: 14px "Menlo"; -cocoa-font-postscriptname: "Menlo-Regular"; '&gt;: &lt;/span&gt;&lt;span style='background-color: rgba(191, 226, 190, 1.000000); font: bold 14px "Menlo"; -cocoa-font-postscriptname: "Menlo-Bold"; '&gt;&amp;quot;webpack --profile --json &amp;gt; stats.json&amp;quot;&lt;/span&gt;&lt;/p&gt;</string>
									<key>shrinkToFitContent</key>
									<integer>0</integer>
									<key>text</key>
									<string>{\rtf1\ansi\ansicpg936\cocoartf1504\cocoasubrtf830
{\fonttbl\f0\fnil\fcharset0 Menlo-Bold;\f1\fnil\fcharset0 Menlo-Regular;}
{\colortbl;\red255\green255\blue255;\red65\green60\blue3;\red191\green226\blue190;\red38\green38\blue38;
}
{\*\expandedcolortbl;;\csgenericrgb\c25490\c23529\c1176;\csgenericrgb\c74902\c88627\c74510;\csgenericrgb\c14902\c14902\c14902;
}
\pard\tx560\tx1120\tx1680\tx2240\tx2800\tx3360\tx3920\tx4480\tx5040\tx5600\tx6160\tx6720\pardirnatural

\f0\b\fs28 \cf2 \cb3 "stats"
\f1\b0 \cf4 \cb3 : 
\f0\b \cf0 \cb3 "webpack --profile --json &gt; stats.json"}</string>
								</dict>
							</dict>
							<dict>
								<key>contentAlignment</key>
								<integer>1</integer>
								<key>fillColor</key>
								<string>{1.000, 1.000, 1.000, 1.000}</string>
								<key>isDecreasingBranchThickness</key>
								<true/>
								<key>isDrawingFill</key>
								<false/>
								<key>isLeftAligned</key>
								<false/>
								<key>location</key>
								<string>{585, 144.5}</string>
								<key>nodeID</key>
								<string>54F0E50D-B57F-460D-B9A1-FF0862FE12D8</string>
								<key>strokeColor</key>
								<string>{0.822, 0.084, 0.348, 1.000}</string>
								<key>strokeStyle</key>
								<integer>0</integer>
								<key>strokeWidth</key>
								<real>5</real>
								<key>subnodes</key>
								<array/>
								<key>title</key>
								<dict>
									<key>constrainedWidth</key>
									<integer>375</integer>
									<key>htmlText</key>
									<string>&lt;p style='color: rgba(0, 0, 0, 1.000000); font: 14px "Songti SC"; text-align: left; -cocoa-font-postscriptname: "STSongti-SC-Regular"; '&gt;&lt;a href='http://www.cnblogs.com/parry/p/webpack2-Statistics.html'&gt;http://www.cnblogs.com/parry/p/webpack2-Statistics.html&lt;/a&gt;&lt;/p&gt;</string>
									<key>shrinkToFitContent</key>
									<integer>0</integer>
									<key>text</key>
									<string>{\rtf1\ansi\ansicpg936\cocoartf1504\cocoasubrtf830
{\fonttbl\f0\fnil\fcharset134 STSongti-SC-Regular;}
{\colortbl;\red255\green255\blue255;\red0\green0\blue0;}
{\*\expandedcolortbl;;\csgenericrgb\c0\c0\c0;}
\pard\tx560\tx1120\tx1680\tx2240\tx2800\tx3360\tx3920\tx4480\tx5040\tx5600\tx6160\tx6720\pardirnatural
{\field{\*\fldinst{HYPERLINK "http://www.cnblogs.com/parry/p/webpack2-Statistics.html"}}{\fldrslt 
\f0\fs28 \cf2 http://www.cnblogs.com/parry/p/webpack2-Statistics.html}}}</string>
								</dict>
							</dict>
						</array>
						<key>title</key>
						<dict>
							<key>constrainedWidth</key>
							<integer>335</integer>
							<key>htmlText</key>
							<string>&lt;p style='text-align: left; '&gt;&lt;span style='color: rgba(0, 0, 0, 1.000000); font: 14px "Times"; -cocoa-font-postscriptname: "Times-Roman"; '&gt;8&lt;/span&gt;&lt;span style='color: rgba(0, 0, 0, 1.000000); font: 14px "Songti SC"; -cocoa-font-postscriptname: "STSongti-SC-Regular"; '&gt;、&lt;/span&gt;&lt;span style='color: rgba(0, 0, 0, 1.000000); font: 14px "Times"; -cocoa-font-postscriptname: "Times-Roman"; '&gt;webpack&lt;/span&gt;&lt;span style='color: rgba(0, 0, 0, 1.000000); font: 14px "Songti SC"; -cocoa-font-postscriptname: "STSongti-SC-Regular"; '&gt;之使用可视化图表进行统计分析打包过程&lt;/span&gt;&lt;span style='color: rgba(0, 0, 0, 1.000000); font: 14px "Times"; -cocoa-font-postscriptname: "Times-Roman"; '&gt; &lt;/span&gt;&lt;/p&gt;</string>
							<key>shrinkToFitContent</key>
							<integer>0</integer>
							<key>text</key>
							<string>{\rtf1\ansi\ansicpg936\cocoartf1504\cocoasubrtf830
{\fonttbl\f0\froman\fcharset0 Times-Roman;\f1\fnil\fcharset134 STSongti-SC-Regular;}
{\colortbl;\red255\green255\blue255;\red0\green0\blue0;}
{\*\expandedcolortbl;;\csgenericrgb\c0\c0\c0;}
\pard\tx560\tx1120\tx1680\tx2240\tx2800\tx3360\tx3920\tx4480\tx5040\tx5600\tx6160\tx6720\pardirnatural

\f0\fs28 \cf2 8
\f1 \'a1\'a2
\f0 webpack
\f1 \'d6\'ae\'ca\'b9\'d3\'c3\'bf\'c9\'ca\'d3\'bb\'af\'cd\'bc\'b1\'ed\'bd\'f8\'d0\'d0\'cd\'b3\'bc\'c6\'b7\'d6\'ce\'f6\'b4\'f2\'b0\'fc\'b9\'fd\'b3\'cc
\f0  }</string>
						</dict>
					</dict>
					<dict>
						<key>contentAlignment</key>
						<integer>1</integer>
						<key>fillColor</key>
						<string>{1.000, 1.000, 1.000, 1.000}</string>
						<key>isDecreasingBranchThickness</key>
						<true/>
						<key>isDrawingFill</key>
						<false/>
						<key>isLeftAligned</key>
						<false/>
						<key>location</key>
						<string>{188, 180.5}</string>
						<key>nodeID</key>
						<string>D86C0357-D0A1-40B2-B50B-D121203886F8</string>
						<key>strokeColor</key>
						<string>{1.000, 0.742, 0.041, 1.000}</string>
						<key>strokeStyle</key>
						<integer>0</integer>
						<key>strokeWidth</key>
						<real>6</real>
						<key>subnodes</key>
						<array/>
						<key>title</key>
						<dict>
							<key>constrainedWidth</key>
							<integer>300</integer>
							<key>htmlText</key>
							<string>&lt;p style='text-align: left; '&gt;&lt;span style='color: rgba(43, 43, 43, 1.000000); font: 14px "Times"; -cocoa-font-postscriptname: "Times-Roman"; '&gt;9&lt;/span&gt;&lt;span style='color: rgba(43, 43, 43, 1.000000); font: 14px "Songti SC"; -cocoa-font-postscriptname: "STSongti-SC-Regular"; '&gt;、&lt;/span&gt;&lt;span style='color: rgba(43, 43, 43, 1.000000); font: 14px "Times"; -cocoa-font-postscriptname: "Times-Roman"; '&gt;webpack&lt;/span&gt;&lt;span style='color: rgba(43, 43, 43, 1.000000); font: 14px "Songti SC"; -cocoa-font-postscriptname: "STSongti-SC-Regular"; '&gt;之多页面编译&lt;/span&gt;&lt;/p&gt;</string>
							<key>shrinkToFitContent</key>
							<integer>1</integer>
							<key>text</key>
							<string>{\rtf1\ansi\ansicpg936\cocoartf1504\cocoasubrtf830
{\fonttbl\f0\froman\fcharset0 Times-Roman;\f1\fnil\fcharset134 STSongti-SC-Regular;}
{\colortbl;\red255\green255\blue255;\red43\green43\blue43;}
{\*\expandedcolortbl;;\csgenericrgb\c16863\c16863\c16863;}
\pard\tx560\tx1120\tx1680\tx2240\tx2800\tx3360\tx3920\tx4480\tx5040\tx5600\tx6160\tx6720\pardirnatural

\f0\fs28 \cf2 9
\f1 \cf2 \'a1\'a2
\f0 \cf2 webpack
\f1 \cf2 \'d6\'ae\'b6\'e0\'d2\'b3\'c3\'e6\'b1\'e0\'d2\'eb}</string>
						</dict>
					</dict>
					<dict>
						<key>contentAlignment</key>
						<integer>1</integer>
						<key>fillColor</key>
						<string>{1.000, 1.000, 1.000, 1.000}</string>
						<key>isDecreasingBranchThickness</key>
						<true/>
						<key>isDrawingFill</key>
						<false/>
						<key>isLeftAligned</key>
						<false/>
						<key>location</key>
						<string>{188, 216.5}</string>
						<key>nodeID</key>
						<string>FAFBDA29-3F96-452D-B0D1-DEAB67DFC6CE</string>
						<key>strokeColor</key>
						<string>{0.136, 0.807, 0.880, 1.000}</string>
						<key>strokeStyle</key>
						<integer>0</integer>
						<key>strokeWidth</key>
						<real>6</real>
						<key>subnodes</key>
						<array/>
						<key>title</key>
						<dict>
							<key>constrainedWidth</key>
							<integer>369</integer>
							<key>htmlText</key>
							<string>&lt;p style='text-align: left; '&gt;&lt;span style='color: rgba(43, 43, 43, 1.000000); font: 14px "Times"; -cocoa-font-postscriptname: "Times-Roman"; '&gt;10&lt;/span&gt;&lt;span style='color: rgba(43, 43, 43, 1.000000); font: 14px "Songti SC"; -cocoa-font-postscriptname: "STSongti-SC-Regular"; '&gt;、&lt;/span&gt;&lt;span style='color: rgba(43, 43, 43, 1.000000); font: 14px "Times"; -cocoa-font-postscriptname: "Times-Roman"; '&gt;webpack&lt;/span&gt;&lt;span style='color: rgba(43, 43, 43, 1.000000); font: 14px "Songti SC"; -cocoa-font-postscriptname: "STSongti-SC-Regular"; '&gt;之模块热替换&lt;/span&gt;&lt;span style='color: rgba(43, 43, 43, 1.000000); font: 14px "Times"; -cocoa-font-postscriptname: "Times-Roman"; '&gt;HMR(Hot Module Replacement)&lt;/span&gt;&lt;/p&gt;</string>
							<key>shrinkToFitContent</key>
							<integer>0</integer>
							<key>text</key>
							<string>{\rtf1\ansi\ansicpg936\cocoartf1504\cocoasubrtf830
{\fonttbl\f0\froman\fcharset0 Times-Roman;\f1\fnil\fcharset134 STSongti-SC-Regular;}
{\colortbl;\red255\green255\blue255;\red43\green43\blue43;}
{\*\expandedcolortbl;;\csgenericrgb\c16863\c16863\c16863;}
\pard\tx560\tx1120\tx1680\tx2240\tx2800\tx3360\tx3920\tx4480\tx5040\tx5600\tx6160\tx6720\pardirnatural

\f0\fs28 \cf2 10
\f1 \cf2 \'a1\'a2
\f0 \cf2 webpack
\f1 \cf2 \'d6\'ae\'c4\'a3\'bf\'e9\'c8\'c8\'cc\'e6\'bb\'bb
\f0 \cf2 HMR(Hot Module Replacement)}</string>
						</dict>
					</dict>
					<dict>
						<key>contentAlignment</key>
						<integer>1</integer>
						<key>fillColor</key>
						<string>{1.000, 1.000, 1.000, 1.000}</string>
						<key>isDecreasingBranchThickness</key>
						<true/>
						<key>isDrawingFill</key>
						<false/>
						<key>isLeftAligned</key>
						<false/>
						<key>location</key>
						<string>{188, 252.5}</string>
						<key>nodeID</key>
						<string>22C16040-148A-4368-9215-B8668923CE6A</string>
						<key>strokeColor</key>
						<string>{0.194, 0.734, 0.282, 1.000}</string>
						<key>strokeStyle</key>
						<integer>0</integer>
						<key>strokeWidth</key>
						<real>6</real>
						<key>subnodes</key>
						<array/>
						<key>title</key>
						<dict>
							<key>constrainedWidth</key>
							<integer>602</integer>
							<key>htmlText</key>
							<string>&lt;p&gt;&lt;span style='color: rgba(251, 0, 23, 1.000000); font: bold 18px "PingFang SC"; -cocoa-font-postscriptname: "PingFangSC-Semibold"; '&gt;11、文档地址：&lt;/span&gt;&lt;a style='color: rgba(251, 0, 23, 1.000000); font: bold 19px "PingFang SC"; -cocoa-font-postscriptname: "PingFangSC-Semibold"; ' href='https://doc.webpack-china.org/configuration/'&gt;https://doc.webpack-china.org/configuration/&lt;/a&gt;&lt;/p&gt;</string>
							<key>shrinkToFitContent</key>
							<integer>0</integer>
							<key>text</key>
							<string>{\rtf1\ansi\ansicpg936\cocoartf1504\cocoasubrtf830
{\fonttbl\f0\fnil\fcharset134 PingFangSC-Regular;}
{\colortbl;\red255\green255\blue255;\red251\green0\blue24;}
{\*\expandedcolortbl;;\cssrgb\c100000\c3231\c11321;}
\pard\tx560\tx1120\tx1680\tx2240\tx2800\tx3360\tx3920\tx4480\tx5040\tx5600\tx6160\tx6720\pardirnatural

\f0\b\fs36 \cf2 11\'a1\'a2\'ce\'c4\'b5\'b5\'b5\'d8\'d6\'b7\'a3\'ba{\field{\*\fldinst{HYPERLINK "https://doc.webpack-china.org/configuration/"}}{\fldrslt 
\fs38 https://doc.webpack-china.org/configuration/}}}</string>
						</dict>
					</dict>
				</array>
				<key>title</key>
				<dict>
					<key>constrainedWidth</key>
					<integer>300</integer>
					<key>htmlText</key>
					<string>&lt;p style='color: rgba(21, 122, 150, 1.000000); font: 21px "PingFang SC"; -cocoa-font-postscriptname: "PingFangSC-Light"; '&gt;webpack2&lt;/p&gt;</string>
					<key>shrinkToFitContent</key>
					<integer>1</integer>
					<key>text</key>
					<string>{\rtf1\ansi\ansicpg936\cocoartf1504\cocoasubrtf830
{\fonttbl\f0\fnil\fcharset134 PingFangSC-Light;}
{\colortbl;\red255\green255\blue255;\red21\green122\blue150;}
{\*\expandedcolortbl;;\csgenericrgb\c8235\c47843\c58824;}
\pard\tx560\tx1120\tx1680\tx2240\tx2800\tx3360\tx3920\tx4480\tx5040\tx5600\tx6160\tx6720\pardirnatural

\f0\fs42 \cf2 webpack2}</string>
				</dict>
			</dict>
		</array>
	</dict>
	<key>printInfo</key>
	<data>
	BAtzdHJlYW10eXBlZIHoA4QBQISEhAtOU1ByaW50SW5mbwGEhAhOU09iamVjdACFkoSE
	hBNOU011dGFibGVEaWN0aW9uYXJ5AISEDE5TRGljdGlvbmFyeQCUhAFpCJKEhIQITlNT
	dHJpbmcBlIQBKxZOU0hvcml6b250YWxseUNlbnRlcmVkhpKEhIQITlNOdW1iZXIAhIQH
	TlNWYWx1ZQCUhAEqhIQBY50BhpKEmZkNTlNSaWdodE1hcmdpboaShJuchIQBZp5IhpKE
	mZkMTlNMZWZ0TWFyZ2luhpKfkoSZmRVOU0hvcml6b25hbFBhZ2luYXRpb26GkoSbnISX
	lwKGkoSZmRROU1ZlcnRpY2FsUGFnaW5hdGlvboaShJucpJcAhpKEmZkUTlNWZXJ0aWNh
	bGx5Q2VudGVyZWSGkpqShJmZC05TVG9wTWFyZ2luhpKEm5ygnlqGkoSZmQ5OU0JvdHRv
	bU1hcmdpboaSqYaG
	</data>
	<key>title</key>
	<string>webpack2</string>
	<key>version</key>
	<integer>4</integer>
</dict>
</plist>
